{
    "insert_onto_square_peg": [
        [
            -0.027013996616005898,
            -0.3489493429660797,
            0.7529370784759521
        ],
        [
            0.492866575717926,
            0.3602404296398163,
            0.9688409566879272
        ]
    ],
    "insert_usb_in_computer": [
        [
            0.04595436900854111,
            0.06526651233434677,
            0.8526456356048584
        ],
        [
            0.4724811911582947,
            0.40549588203430176,
            0.8763399720191956
        ]
    ],
    "plug_charger_in_power_supply": [
        [
            -0.046957697719335556,
            -0.29485616087913513,
            0.7860503196716309
        ],
        [
            0.4539012908935547,
            0.3596971035003662,
            0.9706856608390808
        ]
    ],
    "unplug_charger": [
        [
            -0.02945627272129059,
            -0.29719048738479614,
            0.9654761552810669
        ],
        [
            0.42611706256866455,
            0.23461900651454926,
            0.9759531021118164
        ]
    ],
    "put_umbrella_in_umbrella_stand": [
        [
            -0.22110864520072937,
            -0.4743722677230835,
            0.9437026381492615
        ],
        [
            0.3887127935886383,
            0.3742111325263977,
            1.2623322010040283
        ]
    ],
    "screw_nail": [
        [
            -0.14362122118473053,
            -0.3697453737258911,
            0.8315156698226929
        ],
        [
            0.46530231833457947,
            0.44696399569511414,
            1.1810046434402466
        ]
    ],
    "setup_checkers": [
        [
            -0.008768725208938122,
            -0.422406941652298,
            0.7525140047073364
        ],
        [
            0.485668420791626,
            0.3901132643222809,
            0.8568703532218933
        ]
    ]
}